{"markers":[{"lat":38.7998,"lng":-75.7116,"title":"Adams Fruit Market","description":"14267 Sand Hill Road, Greenwood<br/>Phone #: (302) 349-4924<br/>Hours: April-November; Daily 8am-8pm<br/>Email: <br/>URL: <br/>Offerings: Apples, asparagus,blackberries, blueberries, broccoli, cabbage, cantaloupes, cauliflower, cider, corn, cucumbers, herbs, honey, jams, jellies, lima beans, mums, nectarines, onions, peaches, strawberries, sweet potatoes, tomatoes, turnips and watermelons."},
      {"lat":38.634941,"lng":-75.193017,"title":"Adkins Produce and Country Store","description":"Long Neck Road (next to Wilmington Trust), Millsboro<br/>Phone #: (302) 945-9700<br/>Hours: March-December; 9am-6pm<br/>Email: <br/>URL: <br/>Offerings: Apples, asparagus, baked goods, blackberries, broccoli, cabbage, cantaloupes, carrots, cauliflower, cider, corn, cucumbers, eggs, herbs, honey, jams, jellies, lima beans, nectarines, onions, peaches, peas, peppers, plums, potatoes, pumpkins, raspberries, snap beans, squash, strawberries, sweet potatoes, tomatoes, turkeys, turnips, and watermelons."},
      {"lat":38.5325,"lng":-75.2038,"title":"Bennett Orchards","description":"31442 Peach Tree Lane, Frankford<br/>Phone #: (302) 732-3358<br/>Hours: July-August; Call for Hours<br/>Email: <br/>URL: www.BennettOrchards.com<br/>Offerings: Nectarines, peaches. Pick Your Own: Nectarines and peaches."},
      {"lat":38.53843,"lng":-75.057215,"title":"Bethany Beach Farmers' Market","description":"Garfield Parkway and Pennsylvania Avenue, Bethany Beach<br/>Phone #: (302) 537-5243<br/>Hours: June-September; Sundays 8am-Noon<br/>Email: <br/>URL: www.bethanybeachfarmersmarket.com/<br/>Offerings: "},
      {"lat":38.5058,"lng":-75.1476,"title":"Birdsong Gardens","description":"34382 Daisey Road, Frankford<br/>Phone #: (302) 537-9680<br/>Hours: May-mid October; Monday-Saturday 9am-5pm<br/>Email: birdsongardens@aol.com<br/>URL: www.birdsongardens.com<br/>Offerings: Cut flowers and herbs."},
      {"lat":39.1561,"lng":-75.6383,"title":"Bobola Farm and Florist","description":"5268 Forrest Ave, Dover<br/>Phone #: (302) 492-3367<br/>Hours: Year Round; Monday-Saturday 9am-5:30 pm<br/>Email: <br/>URL: www.bobolaflorist.com<br/>Offerings: Cantaloupes, corn, pumpkins, strawberries, and tomatoes. Pick Your Own: Strawberries and pumpkins."},
      {"lat":39.733488,"lng":-75.679872,"title":"Carousel Park Farmers Market","description":"3700 Limestone Road, Wilmington<br/>Phone #: (302) 239-5182<br/>Hours: May-September; Fridays 2pm-7pm<br/>Email: <br/>URL: <br/>Offerings: "},
      {"lat":39.68434,"lng":-75.74181,"title":"Co-Op Farmers Market","description":"280 East Main Street, Newark<br/>Phone #: (302) 368-5894<br/>Hours: May-mid November; Sundays 10am-2pm<br/>Email: marketmaster@newarknaturalfoods.com<br/>URL: http://www.newarknaturalfoods.coop/farmersmarket<br/>Offerings: Apples, artichokes, arugula, asian pears, asparagus, baked goods, beef, beets, blackberries, blueberries, bok choy, broccoli, brussels sprouts, cabbage, carrots, cauliflower, celery, cheese, cherries, chicken, cider, collards, corn, cucumber, eggs, eggplant, flowers, garlic, green beans, herbs, honey, kale, leeks, lettuce, mushrooms, mustard greens, nectarines, onions, parsnips, peaches, pears, peas, peppers, plants, plums, potatoes, preserves, pumpkins, radishes, raspberries, rhubarb, rutabagas, shallots, spinach, strawberries, summer squash, sweet potatoes, swiss chard, tomatoes, turnips, watermelons, winter-squash, zucchini."},
      {"lat":39.455692,"lng":-75.622316,"title":"Coleman's Christmas Tree Farm","description":"550 Silver Run Road, Middletown<br/>Phone #: (302) 378-8949<br/>Hours: Ice Cream Shop: Memorial Day-Christmas Eve; Monday-Thursday 5pm-9pm and Friday-Sunday Noon-9pm<br/>Email: <br/>URL: <br/>Offerings: Bake shop, ice cream shop selling Woodside Farm Creamery ice cream. Pick Your Own: Pumpkins."},
      {"lat":39.750789,"lng":-75.557793,"title":"Cool Springs Farmers Market","description":"Cool Springs Park, Wilmington<br/>Phone #: (302) 658-4171<br/>Hours: June-September; Thursdays 3pm-7pm<br/>Email: <br/>URL: <br/>Offerings: "},
      {"lat":38.561949,"lng":-75.55801,"title":"Cory's Produce","description":"30472 Firetower Road, Laurel<br/>Phone #: (302) 381-6955<br/>Hours: June-mid September; 7:30am-8pm<br/>Email: corysproduce@yahoo.com<br/>URL: <br/>Offerings: Cantaloupes, corn, cucumbers, eggplant, lima beans, peppers, pumpkins, snap beans, squash, tomatoes, watermelons, and zucchini"},
      {"lat":38.601891,"lng":-75.55802,"title":"Country Living Produce","description":"28086 Cross Keys Road, Millsboro<br/>Phone #: (302) 934-9045<br/>Hours: May-October; 9am-6pm<br/>Email: <br/>URL: <br/>Offerings: Apples, asparagus, blackberries, blueberries, broccoli, cabbage, cantaloupes, cider, corn, cucumbers, herbs, honey, jams, jellies, lima beans, mums, nectarines, onions, peaches, peas, peppers, plums, potatoes, pumpkins, snap beans, squash, strawberries, sweet potatoes, tomatoes, and watermelons."},
      {"lat":38.840515,"lng":-75.512062,"title":"Deep Grass Nursery","description":"13847 Staytonville Road, Greenwood<br/>Phone #: <br/>Hours: May-September; Monday-Saturday 8am-6pm<br/>Email: <br/>URL: <br/>Offerings: Arugula, basil, blueberries, broccoli, cabbage, cantaloupe, cauliflower, celery, cilantro, cucumber, eggplant, herbs, herbal vinegar, jams, jellies, kale, leeks, lettuce, onion, peppers, squash, sweet potatoes, tomatoes, and watermelons USDA Certified Organic Grower."},
      {"lat":38.8231,"lng":-75.5853,"title":"Del-Ridge Farms","description":"11623 Sussex Highway, Greenwood<br/>Phone #: (302) 542-5172<br/>Hours: Mid July-October; Monday-Saturday Dawn-Dusk<br/>Email: <br/>URL: <br/>Offerings: Cantaloupes, corn, cucumbers, eggplant, onions, peppers, squash, tomatoes, watermelons, and zucchini."},
      {"lat":39.1847188529,"lng":-75.5364209879,"title":"Delaware State University Farmers Market","description":"State College Road, Dover<br/>Phone #: (302) 857-7392<br/>Hours: May-September; Saturdays 10am-2pm<br/>Email: <br/>URL: <br/>Offerings: "},
      {"lat":38.526691,"lng":-75.53736,"title":"Dickerson Farms","description":"32370 Gordy Road, Laurel<br/>Phone #: (302) 875-0826<br/>Hours: May-October; Daily Noon-Dusk<br/>Email: <br/>URL: <br/>Offerings: Cantaloupe, pumpkins, sweet corn, tomatoes, and watermelons. Pick Your Own: Pumpkins."},
      {"lat":38.4903,"lng":-75.1328,"title":"East View Farm","description":"36144 Bayard Road, Frankford<br/>Phone #: (302) 436-4605<br/>Hours: March-December; Daily Dawn-Dusk<br/>Email: aziff@netzero.net<br/>URL: <br/>Offerings: Apples, asparagus, broccoli, cabbage, carrots, cauliflower, corn, cucumbers, herbs, honey, lima beans, peas, peppers, pumpkins, snap beans, squash, sweet potatoes, tomatoes, turnips, and watermelons."},
      {"lat":38.7013,"lng":-75.5029,"title":"Elmer's Market","description":"13257 Seashore Highway, Georgetown<br/>Phone #: (302) 337-8110<br/>Hours: Mid March-December; Daily Dawn-Dusk<br/>Email: <br/>URL: <br/>Offerings: Apples, asparagus, baked goods, bedding plants, blackberries, blueberries, broccoli, cabbage, candy, cantaloupes, carrots, cauliflower, cider, corn, cucumbers, eggs, herbs, honey, Indian corn, jams, jellies, lima beans, mums, nectarines, onions, peaches, peas, peppers, plums, poinsettias, potatoes, pumpkins, raspberries, snap beans, squash, strawberries, sweet potatoes, tomatoes, turnips, and watermelons."},
      {"lat":38.715485,"lng":-75.575035,"title":"Evans Farms Produce","description":"9843 Seashore Highway, Bridgeville<br/>Phone #: (302) 337-8130<br/>Hours: June-mid September; Daily 8am-8pm Mid September-October; Thursday-Monday 9am-7pm<br/>Email: <br/>URL: www.evansfarmsproduce.com<br/>Offerings: Apples, cantaloupes, cucumbers, canary melons, honeydew melons, eggplant, jams, jellies, peaches, peppers, pumpkins, sweet corn, squash, tomatoes, watermelons, and zucchini."},
      {"lat":39.41,"lng":-75.726,"title":"Fairview Farms","description":"380 Green Giant Road, Townsend<br/>Phone #: (302) 378-0611<br/>Hours: Late May-early June; Call for Hours<br/>Email: <br/>URL: <br/>Offerings: Pick Your Own: Strawberries."},
      {"lat":38.785,"lng":-75.6775,"title":"Farmer Gene's Market","description":"4213 Seashore Highway, Bridgeville<br/>Phone #: (302) 349-4121<br/>Hours: Mid April-December; Daily 8am-8pm<br/>Email: <br/>URL: <br/>Offerings: Apples, asparagus, blackberries, blueberries, broccoli, cabbage, cantaloupes, cauliflower, cider, corn, cucumbers, honey, jams, jellies, lima beans, nectarines, onions, peaches, peas, peppers, plums, potatoes, pumpkins, raspberries, snap beans, squash, strawberries, sweet potatoes, tomatoes, turnips, and watermelons."},
      {"lat":38.542293,"lng":-75.074741,"title":"Fenwick Island Farmers' Market","description":"Coastal Highway and East Essex Street, Fenwick Island<br/>Phone #: (302) 436-5589<br/>Hours: June-September; Mondays and Fridays 8am-Noon<br/>Email: <br/>URL: <br/>Offerings: "},
      {"lat":39.2403,"lng":-75.5485,"title":"Ficner's Farm","description":"1911 Fast Landing Road, Dover<br/>Phone #: (302) 674-4677<br/>Hours: June-November; Daily 10am-6pm<br/>Email: <br/>URL: <br/>Offerings: Broccoli, Brussels sprouts, cabbage, cauliflower, corn, cucumbers, green beans, kale, peppers, pumpkins, squash, strawberries, tomatoes, and turnips. Pick Your Own: Strawberries."},
      {"lat":39.1203,"lng":-75.5714,"title":"Fifer Orchards, Inc.","description":"1919 Allabands Mill Road, Wyoming<br/>Phone #: (302) 697-2141<br/>Hours: Mid April-December 23; Monday-Saturday 8am-6pm<br/>Email: mary@fiferorchards.com<br/>URL: www.fiferorchards.com<br/>Offerings: Apples, asparagus, baked goods, bedding plants, blackberries, blueberries, broccoli, cabbage, cantaloupes, cauliflower, cider, corn, cucumbers, hand-dipped ice cream, hanging baskets, herbs, honey, Indian corn, jams, jellies, lima beans, mums, nectarines, onions, peaches, peas, peppers, plums, potatoes, pumpkins, raspberries, rhubarb, snap beans, squash, spinach, strawberries, sweet potatoes, tomatoes, turnips, and watermelons. Pick Your Own: Apples, blueberries, flowers, pumpkins, and strawberries."},
      {"lat":39.4666,"lng":-75.76,"title":"Filasky's Produce","description":"1343 Bunker Hill Road, Middletown<br/>Phone #: (302) 378-2754<br/>Hours: May-October; Daily 9am-7pm; November; Daily 9am-5pm<br/>Email: pumpkinlady46@yahoo.com<br/>URL: <br/>Offerings: Apples, apple cider, asparagus, baked goods, blackberries, blueberries, broccoli, cabbage, cantaloupes, cauliflower, corn, cucumbers, herbs, honey, jams, jellies, lima beans, mums, peaches, peas, peppers, potatoes, pumpkins, squash, strawberries, sweet potatoes, tomatoes, watermelons. Pick Your Own: Hot peppers, pumpkins, strawberries, sweet peppers, and tomatoes."},
      {"lat":38.836861,"lng":-75.525566,"title":"Flagstone Farm","description":"10574 Memory Road, Harrington<br/>Phone #: (302) 349-5726<br/>Hours: Call for Hours<br/>Email: Hopkinsschulze@aol.com<br/>URL: <br/>Offerings: Bedding plants, broccoli, cabbage, cantaloupe, cauliflower, Christmas trees, cucumbers, eggplant, flowers, gourds, lima beans, peppers, pumpkins, squash, strawberries, tomatoes, watermelons, and zucchini."},
      {"lat":39.301968,"lng":-75.681682,"title":"Francis M. Gravas, Sr.","description":"1818 Blackbird Forest Road, Clayton<br/>Phone #: (302) 299-7163<br/>Hours: Year Round; Call for Hours<br/>Email: <br/>URL: <br/>Offerings: Honey."},
      {"lat":38.855228,"lng":-75.327454,"title":"Fresh Connection","description":"9598 Coastal Highway, Milford<br/>Phone #: (302) 684-8498<br/>Hours: May-Christmas Eve; Daily 8am-8pm<br/>Email: <br/>URL: <br/>Offerings: Apples, asparagus, blackberries, blueberries, broccoli, cabbage, cantaloupes, carrots, cauliflower, cider, corn, cucumbers, eggplant, herbs, honey, jams, jellies, lettuces, lima beans, mums, nectarines, onions, peaches, peas, peppers, plums, potatoes, pumpkins, raspberries, rhubarb, snap beans, squash, strawberries, sweet potatoes, tomatoes, and watermelons."},
      {"lat":38.7425,"lng":-75.608,"title":"Fresh-To-You-Produce","description":"12620 Seashore Highway, Bridgeville<br/>Phone #: (302) 337-8114<br/>Hours: April-November; Daily 9am-7pm<br/>Email: SDonnies72@aol.com<br/>URL: <br/>Offerings: Apples, asparagus, blackberries, blueberries, broccoli, cabbage, cantaloupes, cauliflower, cider, corn, cucumbers, honey, Indian corn, jams, jellies, lima beans, nectarines, onions, peaches, peas, peppers, plums, potatoes, pumpkins, raspberries, snap beans, squash, strawberries, sweet potatoes, tomatoes, turnips, and watermelons."},
      {"lat":38.6929,"lng":-75.38930,"title":"Georgetown Farmers Market","description":"Georgetown Town Park, North Bedford and Edwards Streets, Georgetown<br/>Phone #: (302) 249-7878<br/>Hours: May-September; Fridays 3pm-6pm<br/>Email: <br/>URL: <br/>Offerings: "},
      {"lat":38.5692,"lng":-75.58315,"title":"Givens Produce","description":"8947 Woodland Ferry Road, Laurel<br/>Phone #: (302) 228-4640<br/>Hours: Mid May-September; Daily 7am-Dusk<br/>Email: <br/>URL: <br/>Offerings: Cantaloupes, cucumbers, eggplant,, onions, peppers, potatoes, squash, string beans, sweet corn, tomatoes, and zucchini."},
      {"lat":39.307189,"lng":-75.64518,"title":"Greenspring Farms","description":"1331 Clayton-Greenspring Road, Clayton<br/>Phone #: (302) 653-0239<br/>Hours: July-mid November; Call for Hours<br/>Email: mstypinski@aol.com<br/>URL: <br/>Offerings: Eggplant, fall squash, gourds, peppers, pumpkins, sweet potatoes, summer squash, and tomatoes; Pick Your Own: Eggplant, peppers, pumpkin, and tomatoes."},
      {"lat":38.5748,"lng":-75.6175,"title":"H and H Brand Farms, Inc.","description":"Main Street Box 5, Bethel<br/>Phone #: (800) 276-3420<br/>Hours: Year Round; Monday-Saturday 8am-5pm<br/>Email: <br/>URL: <br/>Offerings: Cantaloupes, herbs, pumpkins, strawberries, and watermelons. Pick Your Own: Strawberries."},
      {"lat":38.925137,"lng":-75.568023,"title":"Harrington Farmers Market","description":"Byler's Supermarket Parking Lot - 1 Liberty Plaza, Harrington<br/>Phone #: 3023988188<br/>Hours: May-September; Thursdays 1om-6pm<br/>Email: <br/>URL: <br/>Offerings: "},
      {"lat":39.8024,"lng":-75.5219,"title":"Highland Orchards Farm Market","description":"1431 Foulk Road, Wilmington<br/>Phone #: (302) 478-4042<br/>Hours: Year Round; Monday-Friday 9am-6pm and Saturday 9am-5pm; Mar to Dec, Mon-Fri/9am-6pm, Sat 9am-5pm, closed Sun<br/>Email: <br/>URL: www.highlandorchardsde.com<br/>Offerings: Apples, asparagus, baked goods, blackberries, blueberries, broccoli, cabbage, cantaloupes, carrots, cauliflower, cider, corn, cucumbers, eggs, herbs, honey, Indian corn, jams, jellies, lima beans, mums, nectarines, peaches, peas, peppers, plums, potatoes, pumpkins, raspberries, squash, strawberries, sweet potatoes, tomatoes, turkeys, turnips, watermelons, and figs. CSA (Community Supported Agriculture) harvest share boxes."},
      {"lat":38.9321,"lng":-75.4688,"title":"Hill's Fresh Plants and Produce","description":"1795 Milford-Harrington Highway, Milford<br/>Phone #: (302) 422-4450<br/>Hours: April-mid December; Monday-Friday 10am-6pm and Saturday 9am-6pm<br/>Email: <br/>URL: <br/>Offerings: Apples, asparagus, baked goods, blackberries, blueberries, broccoli, cabbage, cantaloupes, cauliflower, cider, corn, cucumbers, eggs, garden center, herbs, honey, jams, jellies, lima beans, mums, nectarines, onions, peaches, peas, peppers, plums, potatoes, pumpkins, raspberries, snap beans, squash, strawberries, sweet potatoes, tomatoes, turkeys, turnips, and watermelons."},
      {"lat":38.76811,"lng":-75.14761,"title":"Historic Lewes Farmers' Market","description":"Richard A. Shields Elementary School Parking Lot - 910 Shields Avenue, Lewes<br/>Phone #: (410) 309-2700<br/>Hours: June 25, July 9, August 6, and October 1; 8am-12pm<br/>Email: <br/>URL: www.historiclewesfarmersmarket.org<br/>Offerings: "},
      {"lat":38.776708,"lng":-75.142587,"title":"Historic Lewes Farmers' Market","description":"Lewes Historical Complex - 110 Shipcarpenter Street, Lewes<br/>Phone #: (410) 309-2700<br/>Hours: June - Sept Saturdays only 8am-12pm (Except June25, July 9 and August 6)<br/>Email: <br/>URL: www.historiclewesfarmersmarket.org<br/>Offerings: "},
      {"lat":38.5748,"lng":-75.6176,"title":"Jeff's Greenhouses","description":"P.O. Box 5, Main Street, Bethel<br/>Phone #: (800) 875-3420<br/>Hours: Year Round; Monday-Saturday 8am-5pm<br/>Email: <br/>URL: <br/>Offerings: Cantaloupes, herbs, Indian corn, mums, poinsettias, pumpkins, strawberries, and watermelons."},
      {"lat":38.841109,"lng":-75.319264,"title":"Joe's Market","description":"10567 Coastal Highway, Milford<br/>Phone #: (302) 632-2491<br/>Hours: End of June-October; Daily 9am-6pm<br/>Email: <br/>URL: <br/>Offerings: Apples, bedding plants, beets, blackberries, blueberries, broccoli, cabbage, cider, corn, edible flowers, eggplant, English beans, gourds, greens, green beans, heirloom tomatoes, herbs, honey, jellies, jams, kale, lima beans, lettuce, onions, peas, peppers, pole beans, potatoes, pumpkins, raspberries, snap beans, squash, strawberries, sweet potatoes, turnips, watermelons, zinnias, and zucchini."},
      {"lat":39.5789,"lng":-75.7699,"title":"John's Homegrown and Farm Fresh Produce","description":"3055 Old County Road, Newark<br/>Phone #: (302) 834-3747<br/>Hours: June-October; Monday-Sunday 8am-Dusk<br/>Email: JdConer@Amtrak.com<br/>URL: <br/>Offerings: Apples, blackberries, blueberries broccoli, cabbage, cantaloupes, cauliflower, cider, corn, cucumbers, honey, Indian corn, jams, jellies, lima beans, mums, nectarines, onions, peaches, peppers, potatoes, pumpkins, raspberries, squash, sweet potatoes, tomatoes, and watermelons."},
      {"lat":38.4763,"lng":-75.1374,"title":"Johnson's Country Market","description":"36258 Zion Church Road, Selbyville<br/>Phone #: (302) 436-3276<br/>Hours: Mid April-October; Daily 9am-6pm; November-March; Call for Hours<br/>Email: <br/>URL: www.JohnsonsCountryMarket.com<br/>Offerings: Apples, beets, blueberries, broccoli, cabbage, cantaloupes, carrots, cauliflower, cheese, cider, corn, cucumbers, eggs, herbs, honey, jams, jellies, lettuce, lima beans, onions, peaches, peppers, plums, potatoes, pumpkins, snap beans, squash, strawberries, sweet potatoes, tomatoes, and watermelons; Pick Your Own: Pumpkins, gourds, strawberries, and winter squash."},
      {"lat":38.805,"lng":-75.532,"title":"Judy Brothers","description":"12565 Blacksmith Shop Road, Greenwood<br/>Phone #: (302) 349-4187<br/>Hours: July-October; daily 8am-Dusk<br/>Email: <br/>URL: <br/>Offerings: Cantaloupe, corn, cucumbers, peppers, potatoes, pumpkins, squash, sweet potatoes, tomatoes, and watermelons."},
      {"lat":38.54443,"lng":-75.57821,"title":"Lakeside Farms","description":"32206 Hastings Drive, Laurel<br/>Phone #: (302) 875-4245<br/>Hours: May-September; Monday–Saturday 7am till Dark<br/>Email: <br/>URL: <br/>Offerings: Asparagus, cantaloupe, strawberries, string beans, sweet corn, tomatoes, and watermelons. Pick Your Own: Strawberries."},
      {"lat":38.7202,"lng":-75.2493,"title":"Lavender Fields at Warrington Manor","description":"18864 Cool Springs Road, Milton<br/>Phone #: (302) 684-1514<br/>Hours: May-October; Daily 10am-4pm; November-December; Weekends Only 10am-4pm<br/>Email: <br/>URL: www.lavenderfieldsde.com<br/>Offerings: Honey, jellies, jams, and lavender. Pick Your Own: Lavender."},
      {"lat":38.7212,"lng":-75.285,"title":"Lawson's Produce","description":"18581 Route 5, Harbeson<br/>Phone #: (302) 745-0666<br/>Hours: March-December; Daily 9am-6pm<br/>Email: CliffLawson@excite.com<br/>URL: <br/>Offerings: Apples, asparagus, blueberries, broccoli, cantaloupes, carrots, corn, cucumbers, eggs, fresh pies, jams, jellies, lima beans, nectarines, onions, peaches, peas, peppers, plums, potatoes, pumpkins, snap beans, squash, strawberries, sweet potatoes, tomatoes, turnips, and watermelons."},
      {"lat":39.74969,"lng":-75.57384,"title":"Little Italy Farmers Market","description":"4th and Bancroft Parkway, Wilmington<br/>Phone #: (302) 658-7072<br/>Hours: May-September; Saturdays 9am-1pm<br/>Email: <br/>URL: <br/>Offerings: "},
      {"lat":38.7966,"lng":-75.698,"title":"Little Wagon Produce","description":"2667 Seashore Highway, Greenwood<br/>Phone #: (302) 349-5206<br/>Hours: End of May-October; 9am-6pm<br/>Email: <br/>URL: www.littlewagonproduce.com<br/>Offerings: Apples, blueberries, cantaloupes, cider, cucumbers, eggplant, herbs, honey, jams, jellies, nectarines, okra, onions, peaches, peppers, plums, potatoes, pumpkins, snap beans, squash, strawberries, sweet corn, sweet potatoes, tomatoes, turnips, watermelons, and winter squash."},
      {"lat":39.0615,"lng":-75.5715,"title":"Loblolly Acres","description":"3893 Turkey Point Road, Woodside<br/>Phone #: (302) 284-9255<br/>Hours: Mid May-Christmas Eve; Daily 9am-5pm<br/>Email: <br/>URL: <br/>Offerings: Cider, pumpkins, and strawberries. Pick Your Own: strawberries."},
      {"lat":38.623593,"lng":-75.139032,"title":"Longneck Produce at Bay City","description":"Longneck Road (in front of Bay City), Longneck<br/>Phone #: (302) 236-0082<br/>Hours: Call for Hours<br/>Email: <br/>URL: <br/>Offerings: Butter beans, cantaloupes, cucumbers, onions, peaches, pumpkins, seeded and seedless watermelons, sweet corn, sweet potatoes, string beans, squash, tomatoes, and zucchini."},
      {"lat":38.774099,"lng":-75.657792,"title":"Ma and Pa's Market","description":"4921 Seashore Highway, Greenwood<br/>Phone #: (302) 337-3131<br/>Hours: End of May-August; Monday-Friday 9am-7pm and Saturday-Sunday 9am-8pm; September-October; Monday-Friday 9am-6pm and Saturday-Sunday 9am-7pm<br/>Email: <br/>URL: <br/>Offerings: Apples, asparagus, baked goods, blackberries, blueberries, cabbage, cantaloupes, cider, corn, cucumbers, herbs, honey, jams, jellies, lima beans, mums, nectarines, onions, peaches, peppers, plums, potatoes, pumpkins, winter squash, snap beans, strawberries, sweet potatoes, tomatoes, turnips, and watermelons."},
      {"lat":38.461666,"lng":-75.131391,"title":"Magee Farms","description":"34857 Lighthouse Road, Selbyville<br/>Phone #: (302) 436-5589<br/>Hours: Call for Hours<br/>Email: <br/>URL: <br/>Offerings: Cantaloupes, corn, cucumbers, herbs, honey, peas, peppers, pumpkins, squash, strawberries, tomatoes, watermelons, and zucchini."},
      {"lat":38.62653,"lng":-75.67937,"title":"Manna Organic Farm","description":"26408 Old Carriage Road, Seaford<br/>Phone #: (302) 629-9161<br/>Hours: Call for Hours<br/>Email: <br/>URL: <br/>Offerings: Cucumbers, peppers, string beans, squash, tomatoes, and others vegetables when in season. USDA Certified Organic Grower."},
      {"lat":39.5825,"lng":-75.739,"title":"Mansion House Farm","description":"2656 Mansion House Road, Bear<br/>Phone #: (302) 834-6723<br/>Hours: Daily Noon-Dusk<br/>Email: <br/>URL: <br/>Offerings: Heirloom tomatoes and sweet corn."},
      {"lat":39.8046,"lng":-75.4898,"title":"Marini Produce","description":"2121 Veale Road, Wilmington<br/>Phone #: (302) 475-5754<br/>Hours: May-Christmas Eve; Daily 8am-6pm<br/>Email: tm410@aol.com<br/>URL: <br/>Offerings: Apples, asparagus, baked goods, blackberries, blueberries, broccoli, cabbage, cantaloupes, carrots, cauliflower, cider, corn, cucumbers, eggs, herbs, jams, jellies, lima beans, nectarines, onions, peaches, peas, peppers, plums, potatoes, pumpkins, raspberries, snap beans, squash, strawberries, sweet potatoes, tomatoes, and watermelons."},
      {"lat":38.842303,"lng":-75.695102,"title":"Matthew Santich Farm","description":"627 Burrsville Road, Greenwood<br/>Phone #: (302) 349-5684<br/>Hours: Year Round; Call for Hours<br/>Email: <br/>URL: <br/>Offerings: Asparagus, broccoli, cabbage, cantaloupes, carrots, cauliflower, corn, cucumbers, herbs, honey, lima beans, onions, peas, peppers, potatoes, snap beans, squash, strawberries, sweet potatoes, tomatoes, turnips, and watermelons. Certified Natural Grower."},
      {"lat":38.913207,"lng":-75.428299,"title":"Milford Farmers Market","description":"North Walnut Street at Riverwalk Park, Milford<br/>Phone #: (302) 839-1180<br/>Hours: May-October; Saturdays 9am-1pm<br/>Email: <br/>URL: www.downtownmilford.org<br/>Offerings: "},
      {"lat":38.77871,"lng":-75.31123,"title":"Milton Farmers Market","description":"Magnolia and Union Streets, Milton<br/>Phone #: <br/>Hours: April-October; Fridays 4pm-7pm<br/>Email: <br/>URL: facebook.com/miltondelawarefarmersmarket<br/>Offerings: "},
      {"lat":39.0116,"lng":-75.5309,"title":"Misty Morning Herbs and More","description":"7371 Canterbury Road, Felton<br/>Phone #: (302) 284-9757<br/>Hours: By appointment<br/>Email: mskabrooks@cs.com<br/>URL: <br/>Offerings: Herbs."},
      {"lat":38.4866,"lng":-75.5075,"title":"Mr. Peppers Pumpkin Patch","description":"13000 Laurel Road, Laurel<br/>Phone #: (302) 875-3939<br/>Hours: Mid September-October; Monday-Saturday 10am-Dusk and Sunday Noon-Dusk<br/>Email: pepperfarms@yahoo.com<br/>URL: <br/>Offerings: Honey, pumpkins, and squash. Pick Your Own: Pumpkins."},
      {"lat":38.9863,"lng":-75.5674,"title":"Paradise Orchards","description":"12793 South DuPont Highway, Felton<br/>Phone #: (302) 284-3008<br/>Hours: July-September; Monday-Saturday 9am-until sold out<br/>Email: peachesandpups@aol.com<br/>URL: <br/>Offerings: Apples, cherries, nectarines, peaches, and hydroponic day neutral strawberries."},
      {"lat":38.542332,"lng":-75.22228,"title":"Parsons Farms Produce","description":"32958 Murry Road, Dagsboro<br/>Phone #: (302) 542-0663<br/>Hours: May-October; Daily 9am-6pm<br/>Email: <br/>URL: <br/>Offerings: Blueberries, cantaloupes, corn, cucumbers, eggplant, honey, lima beans, peaches, peppers, pumpkins, snap beans, squash, strawberries, tomatoes, and watermelons."},
      {"lat":38.724304,"lng":-75.411552,"title":"Plymouth Produce","description":"18751 North DuPont Highway, Georgetown<br/>Phone #: (302) 856-6998<br/>Hours: April-October; Daily 8am-7pm<br/>Email: <br/>URL: <br/>Offerings: dried fruit, local honey, local produce, nuts, and spices."},
      {"lat":38.659293,"lng":-75.631952,"title":"Quillen Apiaries","description":"907 Heritage Drive, Seaford<br/>Phone #: (302) 629-9430<br/>Hours: Call for Hours<br/>Email: <br/>URL: <br/>Offerings: Honey, comb honey."},
      {"lat":39.8218,"lng":-75.5461,"title":"Ramsey's Farm","description":"330 Ramsey Road, Wilmington<br/>Phone #: (302) 477-1499<br/>Hours: Last weekend of September-October; Friday-Sunday and Columbus Day 10am-5pm; Monday-Friday School and Group Tours by Appointment<br/>Email: <br/>URL: ramseysfarm.com<br/>Offerings: Indian corn and pumpkins. Pick Your Own: Pumpkins."},
      {"lat":39.75283,"lng":-75.723514,"title":"Ray Drejka","description":"200 North Star Road, Newark<br/>Phone #: (302) 239-2010<br/>Hours: Call for Hours<br/>Email: raydre555@comcast.net<br/>URL: <br/>Offerings: Honey."},
      {"lat":39.0383,"lng":-75.4569,"title":"Red Barn Farm Market","description":"7360 Bay Road, Frederica<br/>Phone #: (302) 335-2655<br/>Hours: May-Christmas Eve; Daily 8am-8pm<br/>Email: <br/>URL: <br/>Offerings: Apples, asparagus, blackberries, blueberries, broccoli, cabbage, cantaloupes, carrots, cauliflower, cider, corn, cucumbers, eggplant, herbs, honey, jams, jellies, lettuces, lima beans, mums, nectarines, onions, peaches, peas, peppers, plums, potatoes, pumpkins, raspberries, rhubarb, snap beans, squash, strawberries, sweet potatoes, tomatoes, and watermelons."},
      {"lat":38.71543,"lng":-75.091602,"title":"Rehoboth Beach Farmers' Market","description":"Grove Park, Rehoboth Beach<br/>Phone #: (302) 249-7878<br/>Hours: May-October; Tuesdays Noon-4pm<br/>Email: <br/>URL: <br/>Offerings: "},
      {"lat":38.72643,"lng":-75.10084,"title":"Rustic Acres Farm Market/Rehoboth Dairy","description":"37217 Rustic Acres Lane, Rehoboth<br/>Phone #: (302) 245-8308<br/>Hours: January-April; Friday and Saturday Noon-6pm; May-September; Daily 9am-6pm<br/>Email: <br/>URL: <br/>Offerings: Bottled fresh milk, farm raised beef and pork, and local produce."},
      {"lat":39.086848,"lng":-75.722652,"title":"Shiloh Lea Farm","description":"3716 Mahan Corner Road, Marydel<br/>Phone #: (302) 492-3789<br/>Hours: Early June - mid July; Monday-Friday 7am-6pm and Saturday 7am-Noon<br/>Email: BARRYCHRIST@comcast.net<br/>URL: <br/>Offerings: All natural blueberries."},
      {"lat":38.798,"lng":-75.7049,"title":"Short Brothers","description":"2449 Seashore Highway, Greenwood<br/>Phone #: (302) 349-4182<br/>Hours: May-October; Daily 8am-7pm<br/>Email: <br/>URL: <br/>Offerings: Apples, asparagus, blackberries, blueberries, broccoli, cabbage, cantaloupes, cauliflower, cider, corn, cucumbers, eggs, herbs, honey, jams, jellies, lima beans, nectarines, onions, peaches, peas, peppers, plums, potatoes, pumpkins, raspberries, snap beans, squash, strawberries, sweet potatoes, tomatoes, turnips, and watermelons."},
      {"lat":38.7152,"lng":-75.5889,"title":"Street's Produce Market","description":"18973 Sussex Highway, Bridgeville<br/>Phone #: (302) 337-7330<br/>Hours: Year Round; Call for Hours<br/>Email: <br/>URL: <br/>Offerings: Apples, produce in season, and pumpkins."},
      {"lat":39.0682,"lng":-75.6648,"title":"T.A. Farms","description":"4664 Mud Mill Road, Camden-Wyoming<br/>Phone #: (302) 492-3030<br/>Hours: Year Round; Call for hours<br/>Email: <br/>URL: www.tafarms.com<br/>Offerings: Turkeys and frozen turkey products."},
      {"lat":38.750378,"lng":-75.597268,"title":"T.S. Smith and Sons","description":"8887 Redden Road, Bridgeville<br/>Phone #: (302) 337-8271<br/>Hours: Mid April-Christmas Eve; Open Daily until 6pm<br/>Email: <br/>URL: www.tssmithandsonsfarm.com<br/>Offerings: Apples, apple butter, apple cake, apple cider donuts, apple dumplings, asparagus, broccoli, cabbage, cantaloupe, cauliflower, green bell peppers, honey, jams, jellies, kale, lima beans, nectarines, peaches, pumpkins, strawberries, sweet corn, squash, watermelons, and zucchini Pick Your Own: Apples, nectarines, peaches, and pumpkins."},
      {"lat":38.751887,"lng":-75.162293,"title":"T.S. Smith and Sons Beach Market","description":"1548 Savannah Road, Lewes<br/>Phone #: <br/>Hours: Open Daily 9am-6pm<br/>Email: <br/>URL: www.tssmithandsonsfarm.com<br/>Offerings: "},
      {"lat":38.527,"lng":-75.058,"title":"The Farmers Market at Sea Colony","description":"33546 Market Place, Bethany<br/>Phone #: (302) 732-3358<br/>Hours: June 29-August 31; Wednesdays 8am-Noon<br/>Email: carrie@bennettorchards.com<br/>URL: <br/>Offerings: "},
      {"lat":38.5568,"lng":-75.1237,"title":"The Good Earth Farmers Market","description":"31806 Good Earth Lane, Clarksville<br/>Phone #: (302) 462-5874<br/>Hours: July 15 - September 2; Fridays 2pm-6pm<br/>Email: <br/>URL: <br/>Offerings: "},
      {"lat":38.7165,"lng":-75.1092,"title":"Tomato Sunshine","description":"4312 Highway One North, Rehoboth Beach<br/>Phone #: (302) 226-9533<br/>Hours: April-Labor Day; 8am-8pm; J68Labor Day-Halloween; 9a-6pm Black Friday-Christmas Eve; 9am-8pm<br/>Email: <br/>URL: <br/>Offerings: Apples, asparagus, bedding plants, blackberries, blueberries, broccoli, cabbage, cantaloupes, carrots, cauliflower, cider, corn, cucumbers, herbs, honey, jams, jellies, lima beans, mums, nectarines, onions, peaches, peas, peppers, plums, potatoes, pumpkins, raspberries, snap beans, squash, strawberries, sweet potatoes, tomatoes, and watermelons."},
      {"lat":38.8481,"lng":-75.5202,"title":"Triple M Farms","description":"10326 Shawnee Road, Harrington<br/>Phone #: (302) 398-8039<br/>Hours: April-October; Call for Hours<br/>Email: snewark@msn.com<br/>URL: www.triplemfarmsde.com<br/>Offerings: Beets, blueberries, broccoli, cabbage, carrots, cauliflower, chard, cucumbers, eggs, herbs, honey, kale, onions, peas, peppers, potatoes, radishes, raspberries, salad greens, snap beans, spinach, strawberries, tomatoes, and turnips."},
      {"lat":39.6491,"lng":-75.6264,"title":"Vince's Market","description":"380 Pulaski Highway, New Castle<br/>Phone #: (302) 322-0386<br/>Hours: Year Round; Monday-Saturday 8am-7pm and Sunday 8am-6pm<br/>Email: <br/>URL: <br/>Offerings: Apples, asparagus, blackberries, blueberries, bread, broccoli, cabbage, cantaloupes, carrots, cauliflower, cherry cider, corn, cucumbers, eggs, herbs, jellies, milk, lima beans, nectarines, onions, peaches, peas, peppers, plums, potatoes, pumpkins, raspberries, snap beans, squash, sweet potatoes, strawberries, tomatoes, and watermelons."},
      {"lat":39.0472,"lng":-75.557,"title":"Walters Produce","description":"8571 South DuPont Highway, Felton<br/>Phone #: (302) 284-4619<br/>Hours: Good Friday - October; 8:30am-Dusk<br/>Email: <br/>URL: <br/>Offerings: Apples, asparagus, blueberries, broccoli, cabbage, corn, cauliflower, cucumbers, lima beans, onions, peaches, peas, peppers, plums, potatoes, pumpkins, snap beans, squash, strawberries, sweet potatoes, tomatoes, turnips, and watermelons."},
      {"lat":38.65295,"lng":-75.61407,"title":"Western Sussex Farmers Market","description":"310 Virginia Avenue, Seaford<br/>Phone #: (302) 629-2686<br/>Hours: June-September; Saturdays 8:30am-Noon<br/>Email: <br/>URL: <br/>Offerings: "},
      {"lat":38.6145,"lng":-75.67947,"title":"Woodland Harvest Farm","description":"4091 Woodland Ferry Road, Seaford<br/>Phone #: (302) 629-2686<br/>Hours: Call for Hours<br/>Email: <br/>URL: <br/>Offerings: Cabbage, corn, lettuce, herbs, potatoes, and watermelons. CSA (Community Supported Agriculture) harvest share boxes available."}
      ]}